"0","knitr::opts_chunk$set(echo = FALSE)"
"0","rm(list = ls())"
"0","library(tidyverse)"
"2","[30mâ”€â”€ [1mAttaching packages[22m â”€â”€â”€â”€â”€â”€â”€â”€â”€â”€â”€â”€â”€â”€â”€â”€â”€â”€â”€â”€â”€â”€â”€â”€â”€â”€â”€â”€â”€â”€â”€â”€â”€â”€â”€â”€â”€â”€â”€â”€â”€â”€â”€â”€â”€â”€â”€â”€â”€â”€â”€â”€â”€â”€â”€â”€â”€â”€â”€â”€â”€â”€â”€â”€â”€â”€â”€ tidyverse 1.2.1 â”€â”€[39m
"
"2","[30m[32mâœ”[30m [34mggplot2[30m 3.1.0     [32mâœ”[30m [34mpurrr  [30m 0.2.5
[32mâœ”[30m [34mtibble [30m 1.4.2     [32mâœ”[30m [34mdplyr  [30m 0.7.7
[32mâœ”[30m [34mtidyr  [30m 0.8.1     [32mâœ”[30m [34mstringr[30m 1.3.1
[32mâœ”[30m [34mreadr  [30m 1.1.1     [32mâœ”[30m [34mforcats[30m 0.3.0[39m
"
"2","[30mâ”€â”€ [1mConflicts[22m â”€â”€â”€â”€â”€â”€â”€â”€â”€â”€â”€â”€â”€â”€â”€â”€â”€â”€â”€â”€â”€â”€â”€â”€â”€â”€â”€â”€â”€â”€â”€â”€â”€â”€â”€â”€â”€â”€â”€â”€â”€â”€â”€â”€â”€â”€â”€â”€â”€â”€â”€â”€â”€â”€â”€â”€â”€â”€â”€â”€â”€â”€â”€â”€â”€â”€â”€â”€â”€â”€ tidyverse_conflicts() â”€â”€
[31mâœ–[30m [34mdplyr[30m::[32mfilter()[30m masks [34mstats[30m::filter()
[31mâœ–[30m [34mdplyr[30m::[32mlag()[30m    masks [34mstats[30m::lag()[39m
"
"0","library(data.table)"
"2","data.table 1.11.2
"
"2","  The fastest way to learn (by data.table authors): https://www.datacamp.com/courses/data-analysis-the-data-table-way
"
"2","  Documentation: ?data.table, example(data.table) and browseVignettes(""data.table"")
"
"2","  Release notes, videos and slides: http://r-datatable.com
"
"2","
Attaching package: â€˜data.tableâ€™

"
"2","The following objects are masked from â€˜package:dplyrâ€™:

    between, first, last

"
"2","The following object is masked from â€˜package:purrrâ€™:

    transpose

"
